﻿<?xml version="1.0" encoding="utf-8"?>
<manifest identifier="_5qodBVb3UYG" version="1.0" xmlns="http://www.imsproject.org/xsd/imscp_rootv1p1p2" xmlns:adlcp="http://www.adlnet.org/xsd/adlcp_rootv1p2" xmlns:xsi="http://www.w3.org/2001/XMLSchema-instance" xsi:schemaLocation="http://www.imsproject.org/xsd/imscp_rootv1p1p2 imscp_rootv1p1p2.xsd http://www.imsglobal.org/xsd/imsmd_rootv1p2p1 imsmd_rootv1p2p1.xsd http://www.adlnet.org/xsd/adlcp_rootv1p2 adlcp_rootv1p2.xsd">
  <metadata>
    <schema>ADL SCORM</schema>
    <schemaversion>1.2</schemaversion>
    <lom xmlns="http://www.imsglobal.org/xsd/imsmd_rootv1p2p1" xmlns:xsi="http://www.w3.org/2001/XMLSchema-instance" xsi:schemaLocation="http://www.imsglobal.org/xsd/imsmd_rootv1p2p1 imsmd_rootv1p2p1.xsd">
      <general>
        <title>
          <langstring xml:lang="x-none">Time Blocking</langstring>
        </title>
      </general>
      <lifecycle>
        <version>
          <langstring xml:lang="x-none">1</langstring>
        </version>
        <status>
          <source>
            <langstring xml:lang="x-none">LOMv1.0</langstring>
          </source>
          <value>
            <langstring xml:lang="x-none">Final</langstring>
          </value>
        </status>
      </lifecycle>
      <metametadata>
        <metadatascheme>ADL SCORM 1.2</metadatascheme>
      </metametadata>
      <educational>
        <typicallearningtime>
          <datetime>PT0H0M0S</datetime>
        </typicallearningtime>
      </educational>
      <rights>
        <cost>
          <source>
            <langstring xml:lang="x-none">LOMv1.0</langstring>
          </source>
          <value>
            <langstring xml:lang="x-none">yes</langstring>
          </value>
        </cost>
        <copyrightandotherrestrictions>
          <source>
            <langstring xml:lang="x-none">LOMv1.0</langstring>
          </source>
          <value>
            <langstring xml:lang="x-none">yes</langstring>
          </value>
        </copyrightandotherrestrictions>
      </rights>
    </lom>
  </metadata>
  <organizations default="Time_Blocking_ORG">
    <organization identifier="Time_Blocking_ORG">
      <title>Time Blocking</title>
      <item identifier="Time_Blocking_Activity_SCO" isvisible="true" identifierref="__5qodBVb3UYG_RES">
        <title>Time Blocking</title>
      </item>
    </organization>
  </organizations>
  <resources>
    <resource identifier="__5qodBVb3UYG_RES" type="webcontent" href="index_lms.html" adlcp:scormtype="sco">
      <file href="story_content/thumbnail.jpg" />
      <file href="mobile/5l5i9DhesHn.png" />
      <file href="story_content/video_5aciSxZr7FV_48_720x540.hls/main.m3u8" />
      <file href="story_content/video_5aciSxZr7FV_48_720x540.hls/stream_0.m3u8" />
      <file href="story_content/video_5aciSxZr7FV_48_720x540.hls/stream_0data000000.ts" />
      <file href="story_content/video_5aciSxZr7FV_48_720x540.hls/stream_0data000001.ts" />
      <file href="story_content/video_5aciSxZr7FV_48_720x540.hls/stream_0data000002.ts" />
      <file href="story_content/video_5aciSxZr7FV_48_720x540.hls/stream_0data000003.ts" />
      <file href="story_content/video_5aciSxZr7FV_48_720x540.hls/stream_0data000004.ts" />
      <file href="story_content/video_5aciSxZr7FV_48_720x540.hls/stream_0data000005.ts" />
      <file href="story_content/video_5aciSxZr7FV_48_720x540.hls/stream_1.m3u8" />
      <file href="story_content/video_5aciSxZr7FV_48_720x540.hls/stream_1data000000.ts" />
      <file href="story_content/video_5aciSxZr7FV_48_720x540.hls/stream_1data000001.ts" />
      <file href="story_content/video_5aciSxZr7FV_48_720x540.hls/stream_1data000002.ts" />
      <file href="story_content/video_5aciSxZr7FV_48_720x540.hls/stream_1data000003.ts" />
      <file href="story_content/video_5aciSxZr7FV_48_720x540.hls/stream_1data000004.ts" />
      <file href="story_content/video_5aciSxZr7FV_48_720x540.hls/stream_2.m3u8" />
      <file href="story_content/video_5aciSxZr7FV_48_720x540.hls/stream_2data000000.ts" />
      <file href="story_content/video_5aciSxZr7FV_48_720x540.hls/stream_2data000001.ts" />
      <file href="story_content/video_5aciSxZr7FV_48_720x540.hls/stream_2data000002.ts" />
      <file href="story_content/video_5aciSxZr7FV_48_720x540.hls/stream_2data000003.ts" />
      <file href="story_content/video_5aciSxZr7FV_48_720x540.hls/stream_2data000004.ts" />
      <file href="story_content/video_5aciSxZr7FV_48_720x540.hls/stream_3.m3u8" />
      <file href="story_content/video_5aciSxZr7FV_48_720x540.hls/stream_3data000000.ts" />
      <file href="story_content/video_5aciSxZr7FV_48_720x540.hls/stream_3data000001.ts" />
      <file href="story_content/video_5aciSxZr7FV_48_720x540.hls/stream_3data000002.ts" />
      <file href="story_content/video_5aciSxZr7FV_48_720x540.hls/stream_3data000003.ts" />
      <file href="story_content/video_5aciSxZr7FV_48_720x540.hls/stream_3data000004.ts" />
      <file href="mobile/poster_5UtNgiabBCD_main.jpg" />
      <file href="mobile/6o9Y01YZU07.png" />
      <file href="mobile/6FisaaxZ2PT.png" />
      <file href="mobile/6KWVAuJ4by4.png" />
      <file href="mobile/69djpsauOc1.png" />
      <file href="mobile/6c0X2cR9Gq9.png" />
      <file href="mobile/6fcL8AxpWxf.png" />
      <file href="mobile/5ZOGRyaIbXj.png" />
      <file href="mobile/6jZnioXeIye.png" />
      <file href="mobile/6Hmziqq7pHM.png" />
      <file href="mobile/64Qama1zdHp.png" />
      <file href="mobile/6GwYHPkPQk3.png" />
      <file href="story_content/6HQVCXaxwxY_44100_48_0.mp3" />
      <file href="meta.xml" />
      <file href="story_content/triggers.js" />
      <file href="story_content/user.js" />
      <file href="html5/data/css/output.min.css" />
      <file href="html5/data/js/5t97zix9f0z.js" />
      <file href="html5/data/js/data.js" />
      <file href="html5/data/js/frame.js" />
      <file href="html5/data/js/paths.js" />
      <file href="html5/lib/hls/hls.min.js" />
      <file href="html5/lib/scripts/bootstrapper.min.js" />
      <file href="html5/lib/scripts/frame.desktop.min.js" />
      <file href="html5/lib/scripts/frame.mobile.min.js" />
      <file href="html5/lib/scripts/slides.min.js" />
      <file href="html5/lib/stylesheets/desktop.min.css" />
      <file href="html5/lib/stylesheets/mobile.min.css" />
      <file href="html5/lib/stylesheets/mobile-fonts/open-sans-bold.woff" />
      <file href="html5/lib/stylesheets/mobile-fonts/open-sans-light.woff" />
      <file href="html5/lib/stylesheets/mobile-fonts/open-sans-regular.woff" />
      <file href="analytics-frame.html" />
      <file href="story.html" />
      <file href="index_lms.html" />
      <file href="lms/AICCComm.html" />
      <file href="lms/blank.html" />
      <file href="lms/browsersniff.js" />
      <file href="lms/goodbye.html" />
      <file href="lms/scormdriver.js" />
    </resource>
  </resources>
</manifest>